{"cameraMode":{"drawMode":0,"name":"Shaded","section":"Shading Mode"},"sceneLighting":true,"audioPlay":false,"sceneViewState":{"showFog":true,"showMaterialUpdate":false,"showSkybox":true,"showFlares":true,"showImageEffects":true,"showParticleSystems":true},"in2DMode":false,"pivot":{"x":-3.3856496810913088,"y":1.6191425323486329,"z":2.282935619354248},"rotation":{"x":0.19955238699913026,"y":-0.282855361700058,"z":0.06029276177287102,"w":0.9362450838088989},"size":1.0180842876434327,"orthographic":true}